{"cameraMode":{"drawMode":0,"name":"Shaded","section":"Shading Mode"},"sceneLighting":false,"audioPlay":false,"sceneViewState":{"showFog":true,"showMaterialUpdate":false,"showSkybox":true,"showFlares":true,"showImageEffects":true,"showParticleSystems":true},"in2DMode":false,"pivot":{"x":-5.635961532592773,"y":2.4500932693481447,"z":13.164731979370118},"rotation":{"x":0.28278297185897829,"y":0.2746523320674896,"z":-0.08487284928560257,"w":0.9150937795639038},"size":14.948403358459473,"orthographic":false}