{"cameraMode":{"drawMode":0,"name":"Shaded","section":"Shading Mode"},"sceneLighting":false,"audioPlay":false,"sceneViewState":{"showFog":true,"showMaterialUpdate":false,"showSkybox":true,"showFlares":true,"showImageEffects":true,"showParticleSystems":true},"in2DMode":false,"pivot":{"x":2.457005500793457,"y":0.8807989358901978,"z":-1.0149999856948853},"rotation":{"x":-0.18937668204307557,"y":-0.629986047744751,"z":0.16221152245998383,"w":-0.7354872822761536},"size":0.5479334592819214,"orthographic":false}